<?xml version="1.0" encoding="UTF-8"?>
<project-private xmlns="http://www.netbeans.org/ns/project-private/1">
    <editor-bookmarks xmlns="http://www.netbeans.org/ns/editor-bookmarks/2" lastBookmarkId="0"/>
    <open-files xmlns="http://www.netbeans.org/ns/projectui-open-files/2">
        <group>
            <file>file:/C:/Users/IRA/Documents/NetBeansProjects/myFirstSite/www/live_by_night.html</file>
            <file>file:/C:/Users/IRA/Documents/NetBeansProjects/myFirstSite/www/assassin_kreed.html</file>
            <file>file:/C:/Users/IRA/Documents/NetBeansProjects/myFirstSite/www/resident_evil_fc.html</file>
            <file>file:/C:/Users/IRA/Documents/NetBeansProjects/myFirstSite/www/css/style.css</file>
            <file>file:/C:/Users/IRA/Documents/NetBeansProjects/myFirstSite/www/index.html</file>
            <file>file:/C:/Users/IRA/Documents/NetBeansProjects/myFirstSite/www/red_tortilla.html</file>
        </group>
    </open-files>
</project-private>
